USE leidson_1;

/* insert data into State */
INSERT INTO State (Name, Senate_Address, Senate_Email, Senate_Website) VALUES
("Idaho", "P.O. Box 83720 Boise, ID 83720-0081", "prr@lso.idaho.gov", "https://legislature.idaho.gov/senate/"),
("Texas", "1100 Congress Ave., Austin, TX 78701", null, "https://senate.texas.gov/"),
("California", "1315 10th St, Sacramento, CA 95814", null, "https://www.senate.ca.gov/"),
("Arkansas", "500 Woodlane St, Little Rock, AR 72201", null, "https://senate.arkansas.gov/"),
("Connecticut", "500 Woodlane Street, Suite 320 Little Rock, AR 72201-1090", null, "https://senate.arkansas.gov/"),
("Oklahoma", "2300 N Lincoln Blvd., Oklahoma City, OK 73105", null, "https://oksenate.gov/"),
("Vermont", "115 State Street Montpelier, VT 05633-5301", "sgtatarms@leg.state.vt.us", "https://legislature.vermont.gov/senate/overview/2024"),
("Indiana", "200 W. Washington St., Indianapolis, IN 46204", null, "https://www.ilga.gov/senate/"),
("Illinois", "301 S 2nd St, Springfield, IL 62706", null, "https://www.illinois.gov/"),
("Iowa", "1007 E Grand Ave, Des Moines, IA 50319", null, "https://www.legis.iowa.gov/legislators/senate"),
("Minnesota", "95 University Avenue W., Saint Paul, MN 55155", "senate.information@senate.mn", "https://www.senate.mn/"),
("Nebraska", "1445 K St, Lincoln, NE 68508", null, "https://nebraskalegislature.gov/senators/senator_list.php"),
("Tennessee", "600 Dr. M.L.K. Jr Blvd, Nashville, TN 37243", null, "https://wapp.capitol.tn.gov/Apps/GeneralAssembly/Senate.aspx"),
("Michigan", "PO Box 30036 Lansing, MI 48909-7536", null, "https://senate.michigan.gov/"),
("South Dakota", "500 E Capitol Ave, Pierre, SD 57501", null, "https://ndlegis.gov/assembly/68-2023/regular/members/senate"),
("Ohio", "1 Capitol Sq, Columbus, OH 43215", null, "https://www.ohiosenate.gov/"),
("Virginia", "P.O. Box 396, Richmond, VA 23218", null, "https://apps.senate.virginia.gov/Senator/index.php"),
("Mississippi", "400 High St, Jackson, MS 39201", null, "https://www.legislature.ms.gov/legislators/senators/"),
("Delaware", "411 Legislative Avenue Dover, DE 19901", null, "https://www.delawaresenate.com/"),
("Arizona", "1700 West Washington Phoenix, AZ 85007-2890", null, "https://www.azsenate.gov/"),
("Alabama", "11 South Union Street Montgomery, AL 36130", null, "https://alison.legislature.state.al.us/senate"),
("Florida", "400 S Monroe St, Tallahassee, FL 32399", null, "https://m.flsenate.gov/"),
("Pennsylvania", "501 N 3rd St, Harrisburg, PA 17120", null, "https://www.pasen.gov/"),
("Hawaii", "415 South Beretania St. Honolulu, HI 96813", null, "https://www.capitol.hawaii.gov/senate.aspx"),
("North Carolina", "16 West Jones Street Raleigh, NC 27601", null, "https://www.ncleg.gov/senate"),
("Nevada", "401 S. Carson St. Carson City, NV 89701", null, "https://www.leg.state.nv.us/senate/"),
("Montana", "PO Box 201706 Helena MT 59620-1706", null, "https://www.legmt.gov/senate2/"),
("New Jersey", "P.O. Box 068 Trenton, NJ 08625-0068", null, "https://www.njleg.state.nj.us/senate-nominations"),
("West Virginia", "1900 Kanawha Blvd. E. Charleston, WV 25305", null, "https://www.wvlegislature.gov/senate1/roster.cfm"),
("New Mexico", "490 Old Santa Fe Trail, Santa Fe, NM 87501", "senate@nmlegis.gov", "https://www.nmlegis.gov/members/Legislator_List?T=S"),
("Maryland", "90 State Circle Annapolis, MD 21401", null, "https://mgaleg.maryland.gov/mgawebsite/members/index/senate"),
("Wisconsin", "2 E Main St, Madison, WI 53702", null, "https://legis.wisconsin.gov/senate"),
("Washington", "P.O. Box 40482 Olympia, WA 98504-0482", "Secretary.Senate@leg.wa.gov", "https://leg.wa.gov/about-the-legislature/senate/"),
("New York", "State St. and, Washington Ave, Albany, NY 12224", null, "https://www.nysenate.gov/"),
("Rhode Island", "82 Smith Street, Providence, RI 02903", null, "https://www.rilegislature.gov/senators/default.aspx"),
("Colorado", "200 E Colfax Avenue Denver, CO 80203", "comments.ga@coleg.gov", "https://leg.colorado.gov/agencies/senate"),
("Alaska", "120 4th St, Juneau, AK 99801", null, "https://akleg.gov/senate.php"),
("Louisiana", "BOX 94183 Baton Rouge, LA 70804", null, "https://senate.la.gov/"),
("Kentucky", "700 Capital Ave., Frankfort, KY 40601", null, "https://legislature.ky.gov/Legislators/senate"),
("Utah", "320 State Capitol Salt Lake City, UT 84114", null, "https://senate.utah.gov/"),
("North Dakota", "600 East Boulevard AvenueBismarck, ND  58505", "lcouncil@ndlegis.gov", "https://ndlegis.gov/assembly/68-2023/regular/members/senate"),
("Oregon", "900 Court St. NE, Salem Oregon 97301", null, "https://www.oregonlegislature.gov/senate"),
("Kansas", "300 SW 10th St. - Topeka, Kansas 66612", null, "https://kslegislature.gov/li/b2023_24/chamber/senate/"),
("New Hampshire", "107 North Main Street Concord, NH 03301", null, "https://www.gencourt.state.nh.us/senate/"),
("South Carolina", "1105 Pendleton Street Columbia, SC 29201", null, "https://www.scstatehouse.gov/senate.php"),
("Wyoming", "200 West 24th Street Cheyenne, WY 82002", null, "https://www.wyoleg.gov/Legislators/2024/S"),
("Massachusetts", "24 Beacon St, Boston, MA 02133", null, "https://malegislature.gov/Legislators/Senate"),
("Maine", "Augusta, ME 04333-0003", null, "https://legislature.maine.gov/senate/"),
("Missouri", "201 W Capitol Ave, Jefferson City, MO 65101", null, "https://www.senate.mo.gov/"),
("Georgia", "Capitol Sq SW, Atlanta, GA 30334", null, "https://www.legis.ga.gov/senate");

/*  Insert data into Senator */
INSERT INTO Senator (Name, Phone_Number, Class, Terms_Served, Party, State) VALUES
("Joni Ernst", "202-224-3254", "II", 1, 'r', "Iowa"),
("Tammy Baldwin", "202-224-5653", "I", 2, 'd', "Wisconsin"),
("John Barrasso", "202-224-6441", "I", 2, 'r', "Wyoming"),
("Michael F. Bennet", "202-224-5852", "III", 2, 'd', "Colorado"),
("Marsha Blackburn", "202-224-3344", "I", 1, 'd', "Tennessee"),
("Richard Blumenthal", "202-224-2823", "III", 2, 'd', "Connecticut"),
("Cory A. Booker", "202-224-3224", "II", 1, 'd', "New Jersey"),
("John Boozman", "202-224-4843", "III", 2, 'r', "Arkansas"),
("Mike Braun", "202-224-4814", "I", 0, 'r', "Indiana"),
("Katie Boyd Britt", "202-224-5744", "III", 0, 'r', "Alabama"),
("Sherrod Brown", "202-224-2315", "I", 2, 'd', "Ohio"),
("Ted Budd", "202-224-3154", "III", 0, 'r', "North Carolina"),
("Laphonza R. Butler", "202-224-3841", "I", 0, 'd', "California"),
("Maria Cantwell", "202-224-3441", "I", 3, 'd', "Washington"),
("Shelley Moore Capito", "202-224-6472", "II", 1, 'r', "West Virginia"),
("Benjamin L. Cardin", "202-224-4524", "I", 3, 'd', "Maryland"),
("Thomas R. Carper", "202-224-2441", "I", 3, 'd', "Delaware"),
("Robert P. Casey", "202-224-6324", "I", 2, 'd', "Pennsylvania"),
("Bill Cassidy", "202-224-5824", "II", 1, 'r', "Louisiana"),
("Susan M. Collins", "202-224-2523", "II", 4, 'r', "Maine"),
("Christopher A. Coons", "202-224-5042", "II", 3, 'd', "Delaware"),
("John Cornyn", "202-224-2934", "II", 3, 'r', "Texas"),
("Catherine Cortez Masto", "202-224-3542", "III", 1, 'd', "Nevada"),
("Tom Cotton", "202-224-2353", "II", 1, 'r', "Arkansas"),
("Kevin Cramer", "202-224-2043", "I", 0, 'r', "North Dakota"),
("Mike Crapo", "202-224-6142", "III", 4, 'r', "Idaho"),
("Ted Cruz", "202-224-5922", "I", 1, 'r', "Texas"),
("Steve Daines", "202-224-2651", "II", 1, 'r', "Montana"),
("Tammy Duckworth", "202-224-2854", "III", 1, 'd', "Illinois"),
("Richard J. Durbin", "202-224-2152", "II", 4, 'd', "Illinois"),
("John Fetterman", "202-224-4254", "III", 0, 'd', "Pennsylvania"),
("Deb Fischer", "202-224-6551", "I", 1, 'r', "Nebraska"),
("Kirsten E. Gillibrand", "202-224-4451", "I", 2, 'd', "New York"),
("Lindsey Graham", "202-224-5972", "II", 3, 'd', "South Carolina"),
("Chuck Grassley", "202-224-3744", "III", 7, 'r', "Iowa"),
("Bill Hagerty", "202-224-4944", "II", 0, 'r', "Tennessee"),
("Margaret Wood Hassan", "202-224-3324", "III", 1, 'd', "New Hampshire"),
("Josh Hawley", "202-224-6154", "I", 0, 'r', "Missouri"),
("Martin Heinrich", "202-224-5521", "I", 1, 'd', "New Mexico"),
("George S. Helmy", "202-224-4744", "I", 0, 'd', "New Jersey"),
("John W. Hickenlooper", "202-224-5941", "II", 0, 'd', "Colorado"),
("Mazie K. Hirono", "202-224-6361", "I", 1, 'd', "Hawaii"),
("John Hoeven", "202-224-2551", "III", 2, 'r', "North Dakota"),
("Cindy Hyde-Smith", "202-224-5054", "II", 1, 'r', "Mississippi"),
("Ron Johnson", "202-224-5323", "III", 2, 'r', "Wisconsin"),
("Tim Kaine", "202-224-4024", "I", 1, 'd', "Virginia"),
("Mark Kelly", "202-224-2235", "III", 0, 'd', "Arizona"),
("John Kennedy", "202-224-4623", "III", 0, 'r', "Louisiana"),
("Angus S. King", "202-224-5344", "I", 1, 'i', "Maine"),
("Amy Klobuchar", "202-224-3244", "I", 3, 'd', "Minnesota"),
("James Lankford", "202-224-5754", "III", 1, 'r', "Oklahoma"),
("Mike Lee", "202-224-5444", "III", 2, 'r', "Utah"),
("Ben Ray Luján", "202-224-6621", "II", 0, 'd', "New Mexico"),
("Cynthia M. Lummis", "202-224-3424", "II", 0, 'r', "Wyoming"),
("Joe Manchin", "202-224-3954", "I", 2, 'i', "West Virginia"),
("Edward J. Markey", "202-224-2742", "II", 1, 'd', "Massachusetts"),
("Roger Marshall", "202-224-4774", "II", 0, 'r', "Kansas"),
("Mitch McConnell", "202-224-2541", "II", 6, 'r', "Kentucky"),
("Jeff Merkley", "202-224-3753", "II", 2, 'd', "Oregon"),
("Jerry Moran", "202-224-6521", "III", 2, 'r', "Kansas"),
("Markwayne Mullin", "202-224-4721", "II", 0, 'r', "Oklahoma"),
("Lisa Murkowski", "202-224-6665", "III", 3, 'r', "Alaska"),
("Christopher Murphy", "202-224-4041", "I", 1, 'd', "Connecticut"),
("Patty Murray", "202-224-2621", "III", 5, 'd', "Washington"),
("Jon Ossoff", "202-224-3521", "II", 0, 'd', "Georgia"),
("Alex Padilla", "202-224-3553", "III", 0, 'd', "California"),
("Rand Paul", "202-224-4343", "III", 2, 'r', "Kentucky"),
("Gary C. Peters", "202-224-6221", "II", 1, 'd', "Michigan"),
("Jack Reed", "202-224-4642", "II", 4, 'd', "Rhode Island"),
("Pete Ricketts", "202-224-4224", "II", 0, 'r', "Nebraska"),
("James E. Risch", "202-224-2752", "II", 2, 'r', "Idaho"),
("Mitt Romney", "202-224-5251", "I", 0, 'r', "Utah"),
("Jacky Rosen", "202-224-6244", "I", 0, 'd', "Nevada"),
("Mike Rounds", "202-224-5842", "II", 1, 'r', "South Dakota"),
("Marco Rubio", "202-224-3041", "III", 2, 'r', "Florida"),
("Bernard Sanders", "202-224-5141", "I", 2, 'i', "Vermont"),
("Brian Schatz", "202-224-3934", "III", 2, 'd', "Hawaii"),
("Eric Schmitt", "202-224-5721", "III", 0, 'r', "Missouri"),
("Charles E. Schumer", "202-224-6542", "III", 4, 'd', "New York"),
("Rick Scott", "202-224-5274", "I", 0, 'r', "Florida"),
("Tim Scott", "202-224-6121", "III", 1, 'r', "South Carolina"),
("Jeanne Shaheen", "202-224-2841", "II", 2, 'd', "New Hampshire"),
("Kyrsten Sinema", "202-224-4521", "I", 0, 'i', "Arizona"),
("Tina Smith", "202-224-5641", "II", 1, 'd', "Minnesota"),
("Debbie Stabenow", "202-224-4822", "I", 3, 'd', "Michigan"),
("Dan Sullivan", "202-224-3004", "II", 1, 'r', "Alaska"),
("Jon Tester", "202-224-2644", "II", 2, 'd', "Montana"),
("John Thune", "202-224-2321", "III", 3, 'r', "South Dakota"),
("Thom Tillis", "202-224-6342", "II", 1, 'r', "North Carolina"),
("Tommy Tuberville", "202-224-4124", "II", 0, 'r', "Alabama"),
("Chris Van Hollen", "202-224-4654", "III", 1, 'd', "Maryland"),
("J. D. Vance", "202-224-3353", "III", 1, 'r', "Ohio"),
("Mark R. Warner", "202-224-2023", "II", 2, 'd', "Virginia"),
("Raphael G. Warnock", "202-224-3643", "III", 0, 'd', "Georgia"),
("Elizabeth Warren", "202-224-4543", "I", 1, 'd', "Massachusetts"),
("Peter Welch", "202-224-4242", "III", 0, 'd', "Vermont"),
("Sheldon Whitehouse", "202-224-2921", "I", 2, 'd', "Rhode Island"),
("Roger F. Wicker", "202-224-6253", "I", 2, 'r', "Mississippi"),
("Ron Wyden", "202-224-5244", "III", 4, 'd', "Oregon"),
("Todd Young", "202-224-5623", "III", 1, 'r', "Indiana"),
("Kamala Harris", null, null, 1, 'd', "California");

/*  Insert data into Leadership */
INSERT INTO Leadership (Senator_Name, Type) VALUES
("Kamala Harris", "Vice President"),
("Patty Murray", "President Pro Tempore"),
("Charles E. Schumer", "Majority Leader"),
("Richard J. Durbin", "Majority Whip"),
("Elizabeth Warren", "Vice Chair of Conference"),
("Mark R. Warner", "Vice Chair of Conference"),
("Bernard Sanders", "Chair of Outreach"),
("Catherine Cortez Masto", "Vice Chair of Outreach"),
("Tammy Baldwin", "Secretary of The Conference"),
("Brian Schatz", "Deputy Conference Secretary"),
("Mitch McConnell", "Minority Leader"),
("John Thune", "Minority Whip"),
("John Barrasso", "Minority Conference Chairman");

/*  Insert data into Committee */
ALTER TABLE Committee AUTO_INCREMENT=1;
INSERT INTO Committee (Committee_Name, Chair_Name) VALUES
("Agriculture, Nutrition, and Forestry", "Debbie Stabenow"),
("Appropriations", "Patty Murray"),
("Armed Services", "Jack Reed"),
("Banking, Housing, and Urban Affairs", "Sherrod Brown"),
("Budget", "Sheldon Whitehouse"),
("Commerce, Science, and Transportation", "Maria Cantwell"),
("Energy and Natural Resources", "Joe Manchin"),
("Environment and Public Works", "Thomas R. Carper"),
("Finance", "Ron Wyden"),
("Foreign Relations", "Benjamin L. Cardin"),
("Health, Education, Labor, and Pensions", "Bernard Sanders"),
("Homeland Security and Governmental Affairs", "Gary C. Peters"),
("Indian Affairs", "Brian Schatz"),
("Joint Committee on Printing", "Amy Klobuchar"),
("Joint Committee on Taxation", "Ron Wyden"),
("Joint Committee on the Library", "Amy Klobuchar"),
("Joint Congressional Committee on Inaugural Ceremonies - 2024", "Amy Klobuchar"),
("Joint Economic Committee", "Martin Heinrich"),
("Judiciary", "Richard J. Durbin"),
("Rules and Administration", "Amy Klobuchar"),
("Select Committee on Ethics", "Christopher A. Coons"),
("Select Committee on Intelligence", "Mark R. Warner"),
("Small Business and Entrepreneurship", "Jeanne Shaheen"),
("Special Committee on Aging", "Robert P. Casey"),
("Veterans' Affairs", "Jon Tester");

/*  Insert data into Subcommmittee */
INSERT INTO Subcommittee (Subcommittee_ID, Subcommittee_Name, Chair_Name, Supercommittee_ID) VALUES
(26, "Commodities, Risk Management, and Trade", "Tina Smith", 1), /* agriculture */
(27, "Conservation, Climate, Forestry, and Natural Resources", "Michael F. Bennet", 1),
(28, "Food and Nutrition, Specialty Crops, Organics, and Research", "John Fetterman", 1),
(29, "Livestock, Dairy, Poultry, Local Food Systems, and Food Safety and Security", "Kirsten E. Gillibrand", 1),
(30, "Rural Development and Energy", "Peter Welch", 1),

(31, "Agriculture, Rural Development, Food and Drug Administration, and Related Agencies", "Martin Heinrich", 2), /* appropriations */ 
(32, "Commerce, Justice, Science, and Related Agencies", "Jeanne Shaheen", 2),
(33, "Defense", "Jon Tester", 2),
(34, "Energy and Water Development", "Patty Murray", 2),
(35, "Financial Services and General Government", "Chris Van Hollen", 2),
(36, "Homeland Security", "Christopher Murphy", 2),
(37, "Interior, Environment, and Related Agencies", "Jeff Merkley", 2),
(38, "Labor, Health and Human Services, and Education, and Related Agencies", "Tammy Baldwin", 2),
(39, "Legislative Branch", "Jack Reed", 2),
(40, "Military Construction, Veterans Affairs, and Related Agencies", "Kyrsten Sinema", 2),
(41, "State, Foreign Operations, and Related Programs", "Christopher A. Coons", 2),
(42, "Transportation, Housing and Urban Development, and Related Agencies", "Brian Schatz", 2),

(43, "Airland", "Mark Kelly", 3), /* armed services */
(44, "Cybersecurity", "Joe Manchin", 3),
(45, "Emerging Threats and Capabilities", "Kirsten E. Gillibrand", 3),
(46, "Personnel", "Elizabeth Warren", 3),
(47, "Readiness and Management Support", "Mazie K. Hirono", 3),
(48, "Seapower", "Tim Kaine", 3),
(49, "Strategic Forces", "Angus S. King", 3),

(50, "Economic Policy", "Elizabeth Warren", 4), /* Banking */
(51, "Financial Institutions and Consumer Protection", "Raphael G. Warnock", 4),
(52, "Housing, Transportation, and Community Development", "Tina Smith", 4),
(53, "National Security and International Trade and Finance", "Mark R. Warner", 4),
(54, "Securities, Insurance, and Investment", "Jack Reed", 4),

(55, "Aviation Safety, Operations, and Innovation", "Tammy Duckworth", 6), /* Commerce */
(56, "Communications, Media, and Broadband", "Ben Ray Luján", 6),
(57, "Consumer Protection, Product Safety, and Data Security", "John W. Hickenlooper", 6),
(58, "Oceans, Fisheries, Climate Change, and Manufacturing", "Tammy Baldwin", 6),
(59, "Space and Science", "Kyrsten Sinema", 6),
(60, "Surface Transportation, Maritime, Freight, and Ports", "Gary C. Peters", 6),
(61, "Tourism, Trade, and Export Promotion", "Jacky Rosen", 6),

(62, "Energy", "Bernard Sanders", 7), /* Energy */
(63, "National Parks", "Angus S. King", 7),
(64, "Public Lands, Forests, and Mining", "Catherine Cortez Masto", 7),
(65, "Water and Power", "Ron Wyden", 7), 

(66, "Chemical Safety, Waste Management, Environmental Justice, and Regulatory Oversight", "Jeff Merkley", 8), /* public works */
(67, "Clean Air, Climate, and Nuclear Safety", "Edward J. Markey", 8),
(68, "Fisheries, Water, and Wildlife", "Alex Padilla", 8),
(69, "Transportation and Infrastructure", "Mark Kelly", 8),

(70, "Energy, Natural Resources, and Infrastructure", "Debbie Stabenow", 9), /* Finance */
(71, "Fiscal Responsibility and Economic Growth", "Margaret Wood Hassan", 9),
(72, "Health Care", "Benjamin L. Cardin", 9),
(73, "International Trade, Customs, and Global Competitiveness", "Thomas R. Carper", 9),
(74, "Social Security, Pensions, and Family Policy", "Sherrod Brown", 9),
(75, "Taxation and IRS Oversight", "Michael F. Bennet", 9), 

(76, "Africa and Global Health Policy", "Cory A. Booker", 10), /* Foreign relations */ 
(77, "East Asia, the Pacific, and International Cybersecurity Policy", "Chris Van Hollen", 10),
(78, "Europe and Regional Security Cooperation", "Jeanne Shaheen", 10),
(79, "Multilateral International Development, Multilateral Institutions, and International Economic, Energy, and Environmental Policy", "Tammy Duckworth", 10),
(80, "Near East, South Asia, Central Asia, and Counterterrorism", "Christopher Murphy", 10),
(81, "State Department and USAID Management, International Operations, and Bilateral International Development", "Benjamin L. Cardin", 10),
(82, "Western Hemisphere, Transnational Crime, Civilian Security, Democracy, Human Rights, and Global Women's Issues", "Tim Kaine", 10),

(83, "Children and Families", "Robert P. Casey", 11), /* health */
(84, "Employment and Workplace Safety", "John W. Hickenlooper", 11),
(85, "Primary Health and Retirement Security", "Edward J. Markey", 11),

(86, "Investigations", "Richard Blumenthal", 12), /* Homeland security */
(87, "Emerging Threats and Spending Oversight", "Margaret Wood Hassan", 12),
(88, "Government Operations and Border Management", "Kyrsten Sinema", 12), 

(89, "Competition Policy, Antitrust, and Consumer Rights", "Amy Klobuchar", 19), /* Judiciary */
(90, "Criminal Justice and Counterterrorism", "Cory A. Booker", 19),
(91, "Federal Courts, Oversight, Agency Action, and Federal Rights", "Sheldon Whitehouse", 19),
(92, "Human Rights and the Law", "Jon Ossoff", 19),
(93, "Immigration, Citizenship, and Border Safety", "Alex Padilla", 19),
(94, "Intellectual Property", "Christopher A. Coons", 19),
(95, "Privacy, Technology, and the Law", "Richard Blumenthal", 19),
(96, "Constitution", "Laphonza R. Butler", 19);


/*  Insert data into  */
INSERT INTO Is_Member (Senator_Name, Committee_ID, Subcommittee_ID) VALUES
("Debbie Stabenow", 1, null), /* agriculture */
("Sherrod Brown", 1, null),
("Amy Klobuchar", 1, null),
("Michael F. Bennet", 1, null),
("Kirsten E. Gillibrand", 1, null),
("Tina Smith", 1, null),
("Richard J. Durbin", 1, null),
("Cory A. Booker", 1, null),
("Ben Ray Luján", 1, null),
("Raphael G. Warnock", 1, null),
("Peter Welch", 1, null),
("John Fetterman", 1, null),
("John Boozman", 1, null),
("Mitch McConnell", 1, null),
("John Hoeven", 1, null),
("Joni Ernst", 1, null),
("Cindy Hyde-Smith", 1, null),
("Roger Marshall", 1, null),
("Tommy Tuberville", 1, null),
("Mike Braun", 1, null),
("Chuck Grassley", 1, null),
("John Thune", 1, null),
("Deb Fischer", 1, null),

("Tina Smith", null, 26), /* sc on commodities */
("Kirsten E. Gillibrand", null, 26),
("Richard J. Durbin", null, 26),
("Cory A. Booker", null, 26),
("Raphael G. Warnock", null, 26),
("John Fetterman", null, 26),
("Debbie Stabenow", null, 26),
("Cindy Hyde-Smith", null, 26),
("Mitch McConnell", null, 26),
("Joni Ernst", null, 26),
("Tommy Tuberville", null, 26),
("Chuck Grassley", null, 26),
("John Boozman", null, 26),

("Michael F. Bennet", null, 27), /* sc on conservation */
("Amy Klobuchar", null, 27),
("Tina Smith", null, 27),
("Ben Ray Luján", null, 27),
("Raphael G. Warnock", null, 27),
("Peter Welch", null, 27),
("Debbie Stabenow", null, 27),
("Roger Marshall", null, 27),
("Mitch McConnell", null, 27),
("John Hoeven", null, 27),
("John Thune", null, 27),
("Cindy Hyde-Smith", null, 27),
("John Boozman", null, 27),

("John Fetterman", null, 28), /* sc on food and nutrition */
("Sherrod Brown", null, 28),
("Amy Klobuchar", null, 28),
("Kirsten E. Gillibrand", null, 28),
("Cory A. Booker", null, 28),
("Raphael G. Warnock", null, 28),
("Debbie Stabenow", null, 28),
("Mike Braun", null, 28),
("Mitch McConnell", null, 28),
("Joni Ernst", null, 28),
("Roger Marshall", null, 28),
("Tommy Tuberville", null, 28),
("John Boozman", null, 28),

("Kirsten E. Gillibrand", null, 29), /* sc on livestock */
("Sherrod Brown", null, 29),
("Richard J. Durbin", null, 29),
("Cory A. Booker", null, 29),
("Ben Ray Luján", null, 29),
("Peter Welch", null, 29),
("Debbie Stabenow", null, 29),
("John Hoeven", null, 29),
("Cindy Hyde-Smith", null, 29),
("Roger Marshall", null, 29),
("John Thune", null, 29),
("Deb Fischer", null, 29),
("John Boozman", null, 29),

("Peter Welch", null, 30), /* sc on rural development */
("Amy Klobuchar", null, 30),
("Michael F. Bennet", null, 30),
("Tina Smith", null, 30),
("Richard J. Durbin", null, 30),
("Ben Ray Luján", null, 30),
("Debbie Stabenow", null, 30),
("Tommy Tuberville", null, 30),
("Mike Braun", null, 30),
("Chuck Grassley", null, 30),
("Deb Fischer", null, 30),
("Joni Ernst", null, 30),
("John Boozman", null, 30),


("Patty Murray", 2, null), /* appropriations */
("Richard J. Durbin", 2, null),
("Jack Reed", 2, null),
("Jon Tester", 2, null),
("Jeanne Shaheen", 2, null),
("Jeff Merkley", 2, null),
("Christopher A. Coons", 2, null),
("Brian Schatz", 2, null),
("Tammy Baldwin", 2, null),
("Christopher Murphy", 2, null),
("Joe Manchin", 2, null),
("Chris Van Hollen", 2, null),
("Martin Heinrich", 2, null),
("Gary C. Peters", 2, null),
("Kyrsten Sinema", 2, null),
("Susan M. Collins", 2, null),
("Mitch McConnell", 2, null),
("Lisa Murkowski", 2, null),
("Lindsey Graham", 2, null),
("Jerry Moran", 2, null),
("John Hoeven", 2, null),
("John Boozman", 2, null),
("Shelley Moore Capito", 2, null),
("John Kennedy", 2, null),
("Cindy Hyde-Smith", 2, null),
("Bill Hagerty", 2, null),
("Katie Boyd Britt", 2, null),
("Marco Rubio", 2, null),
("Deb Fischer", 2, null),

("Martin Heinrich", null, 31), /* sc on agriculture */ 
("Jon Tester", null, 31),
("Jeff Merkley", null, 31),
("Tammy Baldwin", null, 31),
("Joe Manchin", null, 31),
("Gary C. Peters", null, 31),
("Kyrsten Sinema", null, 31),
("Patty Murray", null, 31),
("John Hoeven", null, 31),
("Mitch McConnell", null, 31),
("Susan M. Collins", null, 31),
("Jerry Moran", null, 31),
("Cindy Hyde-Smith", null, 31),
("Deb Fischer", null, 31),

("Jeanne Shaheen", null, 32), /* sc on commerce */ 
("Jack Reed", null, 32),
("Christopher A. Coons", null, 32),
("Brian Schatz", null, 32),
("Joe Manchin", null, 32),
("Chris Van Hollen", null, 32),
("Jeff Merkley", null, 32),
("Gary C. Peters", null, 32),
("Martin Heinrich", null, 32),
("Patty Murray", null, 32),
("Jerry Moran", null, 32),
("Lisa Murkowski", null, 32),
("Susan M. Collins", null, 32),
("Shelley Moore Capito", null, 32),
("John Kennedy", null, 32),
("Bill Hagerty", null, 32),
("Katie Boyd Britt", null, 32),
("Deb Fischer", null, 32),

("Jon Tester", null, 33), /* sc on defense */ 
("Richard J. Durbin", null, 33),
("Patty Murray", null, 33),
("Jack Reed", null, 33),
("Brian Schatz", null, 33),
("Tammy Baldwin", null, 33),
("Jeanne Shaheen", null, 33),
("Christopher Murphy", null, 33),
("Christopher A. Coons", null, 33),
("Susan M. Collins", null, 33),
("Mitch McConnell", null, 33),
("Lisa Murkowski", null, 33),
("Lindsey Graham", null, 33),
("Jerry Moran", null, 33),
("John Hoeven", null, 33),
("John Boozman", null, 33),
("Shelley Moore Capito", null, 33),

("Patty Murray", null, 34), /* sc on energy */ 
("Jon Tester", null, 34),
("Richard J. Durbin", null, 34),
("Jeanne Shaheen", null, 34),
("Jeff Merkley", null, 34),
("Christopher A. Coons", null, 34),
("Tammy Baldwin", null, 34),
("Martin Heinrich", null, 34),
("Kyrsten Sinema", null, 34),
("John Kennedy", null, 34),
("Mitch McConnell", null, 34),
("Lisa Murkowski", null, 34),
("Lindsey Graham", null, 34),
("John Hoeven", null, 34),
("Cindy Hyde-Smith", null, 34),
("Bill Hagerty", null, 34),
("Katie Boyd Britt", null, 34),
("Susan M. Collins", null, 34),

("Chris Van Hollen", null, 35), /* sc on financial services */ 
("Richard J. Durbin", null, 35),
("Christopher A. Coons", null, 35),
("Joe Manchin", null, 35),
("Martin Heinrich", null, 35),
("Patty Murray", null, 35),
("Bill Hagerty", null, 35),
("John Boozman", null, 35),
("John Kennedy", null, 35),
("Marco Rubio", null, 35),
("Susan M. Collins", null, 35),

("Christopher Murphy", null, 36), /* sc on homeland security */ 
("Patty Murray", null, 36),
("Jon Tester", null, 36),
("Jeanne Shaheen", null, 36),
("Tammy Baldwin", null, 36),
("Gary C. Peters", null, 36),
("Katie Boyd Britt", null, 36),
("Lisa Murkowski", null, 36),
("Shelley Moore Capito", null, 36),
("John Kennedy", null, 36),
("Cindy Hyde-Smith", null, 36),
("Susan M. Collins", null, 36),

("Jeff Merkley", null, 37), /* sc on interior */ 
("Jack Reed", null, 37),
("Jon Tester", null, 37),
("Chris Van Hollen", null, 37),
("Martin Heinrich", null, 37),
("Gary C. Peters", null, 37),
("Kyrsten Sinema", null, 37),
("Patty Murray", null, 37),
("Lisa Murkowski", null, 37),
("Mitch McConnell", null, 37),
("Shelley Moore Capito", null, 37),
("John Hoeven", null, 37),
("Deb Fischer", null, 37),
("Katie Boyd Britt", null, 37),
("Susan M. Collins", null, 37),

("Tammy Baldwin", null, 38), /* sc on labor */ 
("Patty Murray", null, 38),
("Richard J. Durbin", null, 38),
("Jack Reed", null, 38),
("Jeanne Shaheen", null, 38),
("Jeff Merkley", null, 38),
("Brian Schatz", null, 38),
("Christopher Murphy", null, 38),
("Joe Manchin", null, 38),
("Shelley Moore Capito", null, 38),
("Lindsey Graham", null, 38),
("Jerry Moran", null, 38),
("John Kennedy", null, 38),
("Cindy Hyde-Smith", null, 38),
("John Boozman", null, 38),
("Katie Boyd Britt", null, 38),
("Marco Rubio", null, 38),
("Susan M. Collins", null, 38),

("Jack Reed", null, 39), /* sc on legislative */ 
("Christopher Murphy", null, 39),
("Chris Van Hollen", null, 39),
("Patty Murray", null, 39),
("Deb Fischer", null, 39),
("Marco Rubio", null, 39),
("Susan M. Collins", null, 39),

("Kyrsten Sinema", null, 40), /* sc on military */ 
("Patty Murray", null, 40),
("Jack Reed", null, 40),
("Jon Tester", null, 40),
("Brian Schatz", null, 40),
("Tammy Baldwin", null, 40),
("Martin Heinrich", null, 40),
("Joe Manchin", null, 40),
("Gary C. Peters", null, 40),
("John Boozman", null, 40),
("Mitch McConnell", null, 40),
("Lisa Murkowski", null, 40),
("John Hoeven", null, 40),
("Susan M. Collins", null, 40),
("Marco Rubio", null, 40),
("Bill Hagerty", null, 40),
("Deb Fischer", null, 40),

("Christopher A. Coons", null, 41), /* sc on state */ 
("Richard J. Durbin", null, 41),
("Jeanne Shaheen", null, 41),
("Jeff Merkley", null, 41),
("Christopher Murphy", null, 41),
("Chris Van Hollen", null, 41),
("Brian Schatz", null, 41),
("Patty Murray", null, 41),
("Lindsey Graham", null, 41),
("Mitch McConnell", null, 41),
("John Boozman", null, 41),
("Jerry Moran", null, 41),
("Marco Rubio", null, 41),
("Bill Hagerty", null, 41),
("Susan M. Collins", null, 41),

("Brian Schatz", null, 42), /* sc on transportation */ 
("Patty Murray", null, 42),
("Richard J. Durbin", null, 42),
("Jack Reed", null, 42),
("Christopher A. Coons", null, 42),
("Christopher Murphy", null, 42),
("Joe Manchin", null, 42),
("Chris Van Hollen", null, 42),
("Kyrsten Sinema", null, 42),
("Cindy Hyde-Smith", null, 42),
("Susan M. Collins", null, 42),
("John Boozman", null, 42),
("Shelley Moore Capito", null, 42),
("Lindsey Graham", null, 42),
("John Hoeven", null, 42),
("John Kennedy", null, 42),
("Jerry Moran", null, 42),


("Jack Reed", 3, null), /* armed services */ 
("Jeanne Shaheen", 3, null),
("Kirsten E. Gillibrand", 3, null),
("Richard Blumenthal", 3, null),
("Mazie K. Hirono", 3, null),
("Tim Kaine", 3, null),
("Angus S. King", 3, null),
("Elizabeth Warren", 3, null),
("Gary C. Peters", 3, null),
("Joe Manchin", 3, null),
("Tammy Duckworth", 3, null),
("Jacky Rosen", 3, null),
("Mark Kelly", 3, null),
("Roger F. Wicker", 3, null),
("Deb Fischer", 3, null),
("Tom Cotton", 3, null),
("Mike Rounds", 3, null),
("Joni Ernst", 3, null),
("Dan Sullivan", 3, null),
("Kevin Cramer", 3, null),
("Rick Scott", 3, null),
("Tommy Tuberville", 3, null),
("Markwayne Mullin", 3, null),
("Ted Budd", 3, null),
("Eric Schmitt", 3, null),

("Mark Kelly", null, 43), /* sc on airland */ 
("Richard Blumenthal", null, 43),
("Angus S. King", null, 43),
("Gary C. Peters", null, 43),
("Joe Manchin", null, 43),
("Tammy Duckworth", null, 43),
("Jack Reed", null, 43),
("Tom Cotton", null, 43),
("Deb Fischer", null, 43),
("Joni Ernst", null, 43),
("Rick Scott", null, 43),
("Markwayne Mullin", null, 43),
("Roger F. Wicker", null, 43),

("Joe Manchin", null, 44), /* sc on Cybersecurity */ 
("Kirsten E. Gillibrand", null, 44),
("Gary C. Peters", null, 44),
("Tammy Duckworth", null, 44),
("Jacky Rosen", null, 44),
("Jack Reed", null, 44),
("Mike Rounds", null, 44),
("Joni Ernst", null, 44),
("Ted Budd", null, 44),
("Eric Schmitt", null, 44),
("Roger F. Wicker", null, 44),

("Kirsten E. Gillibrand", null, 45),/* sc on emerging threats */ 
("Jeanne Shaheen", null, 45),
("Elizabeth Warren", null, 45),
("Gary C. Peters", null, 45),
("Jacky Rosen", null, 45),
("Mark Kelly", null, 45),
("Jack Reed", null, 45),
("Joni Ernst", null, 45),
("Tom Cotton", null, 45),
("Markwayne Mullin", null, 45),
("Ted Budd", null, 45),
("Eric Schmitt", null, 45),
("Roger F. Wicker", null, 45),

("Elizabeth Warren", null, 46), /* sc on Personnel */ 
("Richard Blumenthal", null, 46),
("Mazie K. Hirono", null, 46),
("Tim Kaine", null, 46),
("Tammy Duckworth", null, 46),
("Jack Reed", null, 46),
("Rick Scott", null, 46),
("Mike Rounds", null, 46),
("Dan Sullivan", null, 46),
("Ted Budd", null, 46),
("Roger F. Wicker", null, 46),

("Mazie K. Hirono", null, 47), /* sc on Readiness */ 
("Jeanne Shaheen", null, 47),
("Richard Blumenthal", null, 47),
("Tim Kaine", null, 47),
("Tammy Duckworth", null, 47),
("Mark Kelly", null, 47),
("Jack Reed", null, 47),
("Dan Sullivan", null, 47),
("Deb Fischer", null, 47),
("Kevin Cramer", null, 47),
("Tommy Tuberville", null, 47),
("Markwayne Mullin", null, 47),
("Roger F. Wicker", null, 47),

("Tim Kaine", null, 48), /* sc on Seapower */ 
("Jeanne Shaheen", null, 48),
("Richard Blumenthal", null, 48),
("Mazie K. Hirono", null, 48),
("Angus S. King", null, 48),
("Gary C. Peters", null, 48),
("Jack Reed", null, 48),
("Kevin Cramer", null, 48),
("Dan Sullivan", null, 48),
("Rick Scott", null, 48),
("Tommy Tuberville", null, 48),
("Eric Schmitt", null, 48),
("Roger F. Wicker", null, 48),

("Angus S. King", null, 49), /* Strategic Forces */ 
("Kirsten E. Gillibrand", null, 49),
("Elizabeth Warren", null, 49),
("Joe Manchin", null, 49),
("Jacky Rosen", null, 49),
("Mark Kelly", null, 49),
("Jack Reed", null, 49),
("Deb Fischer", null, 49),
("Tom Cotton", null, 49),
("Mike Rounds", null, 49),
("Kevin Cramer", null, 49),
("Tommy Tuberville", null, 49),
("Roger F. Wicker", null, 49),


("Sherrod Brown", 4, null), /* banking */ 
("Jack Reed", 4, null),
("Jon Tester", 4, null),
("Mark R. Warner", 4, null),
("Elizabeth Warren", 4, null),
("Chris Van Hollen", 4, null),
("Catherine Cortez Masto", 4, null),
("Tina Smith", 4, null),
("Raphael G. Warnock", 4, null),
("John Fetterman", 4, null),
("Laphonza R. Butler", 4, null),
("George S. Helmy", 4, null),
("Tim Scott", 4, null),
("Mike Crapo", 4, null),
("Mike Rounds", 4, null),
("Thom Tillis", 4, null),
("John Kennedy", 4, null),
("Bill Hagerty", 4, null),
("Cynthia M. Lummis", 4, null),
("J. D. Vance", 4, null),
("Katie Boyd Britt", 4, null),
("Kevin Cramer", 4, null),
("Steve Daines", 4, null),

("Elizabeth Warren", null, 50), /* sc on Economic Policy */ 
("Jack Reed", null, 50),
("Chris Van Hollen", null, 50),
("Tina Smith", null, 50),
("John Fetterman", null, 50),
("Sherrod Brown", null, 50),
("John Kennedy", null, 50),
("Mike Rounds", null, 50),
("Cynthia M. Lummis", null, 50),
("Thom Tillis", null, 50),
("Steve Daines", null, 50),
("Tim Scott", null, 50),

("Raphael G. Warnock", null, 51), /* sc on Finanicial Institutions */ 
("Mark R. Warner", null, 51),
("Elizabeth Warren", null, 51),
("Chris Van Hollen", null, 51),
("Catherine Cortez Masto", null, 51),
("Tina Smith", null, 51),
("John Fetterman", null, 51),
("Sherrod Brown", null, 51),
("Thom Tillis", null, 51),
("Mike Crapo", null, 51),
("Cynthia M. Lummis", null, 51),
("J. D. Vance", null, 51),
("Katie Boyd Britt", null, 51),
("Kevin Cramer", null, 51),
("Tim Scott", null, 51),

("Tina Smith", null, 52), /* sc on Housing */ 
("Jack Reed", null, 52),
("Jon Tester", null, 52),
("Catherine Cortez Masto", null, 52),
("Raphael G. Warnock", null, 52),
("John Fetterman", null, 52),
("Laphonza R. Butler", null, 52),
("Sherrod Brown", null, 52),
("Cynthia M. Lummis", null, 52),
("Mike Crapo", null, 52),
("Mike Rounds", null, 52),
("John Kennedy", null, 52),
("Bill Hagerty", null, 52),
("J. D. Vance", null, 52),
("Katie Boyd Britt", null, 52),
("Tim Scott", null, 52),

("Mark R. Warner", null, 53), /* sc on National Security */ 
("Jon Tester", null, 53),
("Chris Van Hollen", null, 53),
("Catherine Cortez Masto", null, 53),
("Laphonza R. Butler", null, 53),
("Sherrod Brown", null, 53),
("Bill Hagerty", null, 53),
("Katie Boyd Britt", null, 53),
("Kevin Cramer", null, 53),
("Steve Daines", null, 53),
("Tim Scott", null, 53),

("Jack Reed", null, 54), /* sc on securities */ 
("Jon Tester", null, 54),
("Mark R. Warner", null, 54),
("Elizabeth Warren", null, 54),
("Raphael G. Warnock", null, 54),
("Laphonza R. Butler", null, 54),
("Sherrod Brown", null, 54),
("Mike Rounds", null, 54),
("Mike Crapo", null, 54),
("Thom Tillis", null, 54),
("John Kennedy", null, 54),
("Bill Hagerty", null, 54),
("J. D. Vance", null, 54),
("Tim Scott", null, 54),


("Sheldon Whitehouse", 5, null), /* Budget */ 
("Patty Murray", 5, null),
("Ron Wyden", 5, null),
("Debbie Stabenow", 5, null),
("Bernard Sanders", 5, null),
("Mark R. Warner", 5, null),
("Jeff Merkley", 5, null),
("Tim Kaine", 5, null),
("Chris Van Hollen", 5, null),
("Ben Ray Luján", 5, null),
("Alex Padilla", 5, null),
("Chuck Grassley", 5, null),
("Mike Crapo", 5, null),
("Lindsey Graham", 5, null),
("Ron Johnson", 5, null),
("Mitt Romney", 5, null),
("Roger Marshall", 5, null),
("Mike Braun", 5, null),
("John Kennedy", 5, null),
("Rick Scott", 5, null),
("Mike Lee", 5, null),

("Maria Cantwell", 6, null), /* Commerce */ 
("Amy Klobuchar", 6, null),
("Brian Schatz", 6, null),
("Edward J. Markey", 6, null),
("Gary C. Peters", 6, null),
("Tammy Baldwin", 6, null),
("Tammy Duckworth", 6, null),
("Jon Tester", 6, null),
("Kyrsten Sinema", 6, null),
("Jacky Rosen", 6, null),
("Ben Ray Luján", 6, null),
("John W. Hickenlooper", 6, null),
("Raphael G. Warnock", 6, null),
("Peter Welch", 6, null),
("Ted Cruz", 6, null),
("John Thune", 6, null),
("Roger F. Wicker", 6, null),
("Deb Fischer", 6, null),
("Jerry Moran", 6, null),
("Dan Sullivan", 6, null),
("Marsha Blackburn", 6, null),
("Ted Budd", 6, null),
("Eric Schmitt", 6, null),
("Todd Young", 6, null),
("J. D. Vance", 6, null),
("Shelley Moore Capito", 6, null),
("Cynthia M. Lummis", 6, null),

("Tammy Duckworth", null, 55), /* sc on Aviation Safety */ 
("Jon Tester", null, 55),
("Kyrsten Sinema", null, 55),
("Jacky Rosen", null, 55),
("John W. Hickenlooper", null, 55),
("Raphael G. Warnock", null, 55),
("Maria Cantwell", null, 55),
("Jerry Moran", null, 55),
("John Thune", null, 55),
("Roger F. Wicker", null, 55),
("Dan Sullivan", null, 55),
("Todd Young", null, 55),
("Ted Cruz", null, 55),

("Ben Ray Luján", null, 56), /* sc on Communications */ 
("Amy Klobuchar", null, 56),
("Brian Schatz", null, 56),
("Edward J. Markey", null, 56),
("Gary C. Peters", null, 56),
("Tammy Baldwin", null, 56),
("Tammy Duckworth", null, 56),
("Jon Tester", null, 56),
("Kyrsten Sinema", null, 56),
("Jacky Rosen", null, 56),
("John W. Hickenlooper", null, 56),
("Raphael G. Warnock", null, 56),
("Peter Welch", null, 56),
("Maria Cantwell", null, 56),
("John Thune", null, 56),
("Roger F. Wicker", null, 56),
("Deb Fischer", null, 56),
("Jerry Moran", null, 56),
("Dan Sullivan", null, 56),
("Marsha Blackburn", null, 56),
("Todd Young", null, 56),
("Ted Budd", null, 56),
("Eric Schmitt", null, 56),
("J. D. Vance", null, 56),
("Shelley Moore Capito", null, 56),
("Cynthia M. Lummis", null, 56),
("Ted Cruz", null, 56),

("John W. Hickenlooper", null, 57), /* sc on Consumer Protection */ 
("Amy Klobuchar", null, 57), 
("Brian Schatz", null, 57), 
("Edward J. Markey", null, 57), 
("Tammy Baldwin", null, 57), 
("Tammy Duckworth", null, 57), 
("Ben Ray Luján", null, 57), 
("Peter Welch", null, 57), 
("Maria Cantwell", null, 57), 
("Marsha Blackburn", null, 57), 
("Deb Fischer", null, 57), 
("Jerry Moran", null, 57), 
("Dan Sullivan", null, 57), 
("Todd Young", null, 57), 
("Ted Budd", null, 57), 
("Cynthia M. Lummis", null, 57), 
("Ted Cruz", null, 57), 

("Tammy Baldwin", null, 58), /* sc on Oceans */ 
("Brian Schatz", null, 58), 
("Edward J. Markey", null, 58), 
("Ben Ray Luján", null, 58), 
("Raphael G. Warnock", null, 58), 
("Peter Welch", null, 58), 
("Maria Cantwell", null, 58), 
("Dan Sullivan", null, 58), 
("Roger F. Wicker", null, 58), 
("Jerry Moran", null, 58), 
("Marsha Blackburn", null, 58), 
("J. D. Vance", null, 58), 
("Ted Cruz", null, 58), 

("Kyrsten Sinema", null, 59), /* sc on Space and Science */ 
("Edward J. Markey", null, 59), 
("Gary C. Peters", null, 59), 
("Ben Ray Luján", null, 59), 
("John W. Hickenlooper", null, 59), 
("Maria Cantwell", null, 59), 
("Eric Schmitt", null, 59), 
("Deb Fischer", null, 59), 
("J. D. Vance", null, 59), 
("Cynthia M. Lummis", null, 59), 
("Ted Cruz", null, 59), 

("Gary C. Peters", null, 60), /* sc on Surface Transportation */ 
("Amy Klobuchar", null, 60), 
("Brian Schatz", null, 60), 
("Edward J. Markey", null, 60), 
("Tammy Baldwin", null, 60), 
("Tammy Duckworth", null, 60), 
("Raphael G. Warnock", null, 60), 
("Peter Welch", null, 60), 
("Maria Cantwell", null, 60), 
("Todd Young", null, 60), 
("John Thune", null, 60), 
("Roger F. Wicker", null, 60), 
("Deb Fischer", null, 60), 
("Eric Schmitt", null, 60), 
("Shelley Moore Capito", null, 60), 
("Ted Budd", null, 60), 
("Ted Cruz", null, 60), 

("Jacky Rosen", null, 61), /* sc on Tourism */ 
("Amy Klobuchar", null, 61),
("Tammy Duckworth", null, 61),
("Kyrsten Sinema", null, 61),
("John W. Hickenlooper", null, 61),
("Maria Cantwell", null, 61),
("Ted Budd", null, 61),
("John Thune", null, 61),
("Marsha Blackburn", null, 61),
("Shelley Moore Capito", null, 61),
("Ted Cruz", null, 61),


("Joe Manchin", 7, null), /* Energy */ 
("Ron Wyden", 7, null),
("Maria Cantwell", 7, null),
("Bernard Sanders", 7, null),
("Martin Heinrich", 7, null),
("Mazie K. Hirono", 7, null),
("Angus S. King", 7, null),
("Catherine Cortez Masto", 7, null),
("John W. Hickenlooper", 7, null),
("Alex Padilla", 7, null),
("John Barrasso", 7, null),
("James E. Risch", 7, null),
("Mike Lee", 7, null),
("Steve Daines", 7, null),
("Lisa Murkowski", 7, null),
("John Hoeven", 7, null),
("Bill Cassidy", 7, null),
("Cindy Hyde-Smith", 7, null),
("Josh Hawley", 7, null),

("Bernard Sanders", null, 62), /* sc on Energy */ 
("Ron Wyden", null, 62),
("Martin Heinrich", null, 62),
("Mazie K. Hirono", null, 62),
("Angus S. King", null, 62),
("Catherine Cortez Masto", null, 62),
("John W. Hickenlooper", null, 62),
("Joe Manchin", null, 62),
("Josh Hawley", null, 62),
("James E. Risch", null, 62),
("Lisa Murkowski", null, 62),
("John Hoeven", null, 62),
("Bill Cassidy", null, 62),
("Cindy Hyde-Smith", null, 62),
("John Barrasso", null, 62),

("Angus S. King", null, 63), /* sc on National Parks */ 
("Bernard Sanders", null, 63),
("Martin Heinrich", null, 63),
("Mazie K. Hirono", null, 63),
("Alex Padilla", null, 63),
("Joe Manchin", null, 63),
("Steve Daines", null, 63),
("Mike Lee", null, 63),
("Lisa Murkowski", null, 63),
("Cindy Hyde-Smith", null, 63),
("John Barrasso", null, 63),

("Catherine Cortez Masto", null, 64), /* sc on Public Lands */ 
("Ron Wyden", null, 64),
("Martin Heinrich", null, 64),
("Mazie K. Hirono", null, 64),
("Angus S. King", null, 64),
("John W. Hickenlooper", null, 64),
("Alex Padilla", null, 64),
("Joe Manchin", null, 64),
("Mike Lee", null, 64),
("James E. Risch", null, 64),
("Steve Daines", null, 64),
("Lisa Murkowski", null, 64),
("Bill Cassidy", null, 64),
("Josh Hawley", null, 64),
("John Barrasso", null, 64),

("Ron Wyden", null, 65), /* sc on Water and Power */ 
("Bernard Sanders", null, 65),
("Catherine Cortez Masto", null, 65),
("John W. Hickenlooper", null, 65),
("Alex Padilla", null, 65),
("Joe Manchin", null, 65),
("James E. Risch", null, 65),
("Mike Lee", null, 65),
("John Hoeven", null, 65),
("Bill Cassidy", null, 65),
("John Barrasso", null, 65),


("Thomas R. Carper", 8, null), /* Environment */ 
("Benjamin L. Cardin", 8, null),
("Bernard Sanders", 8, null),
("Sheldon Whitehouse", 8, null),
("Jeff Merkley", 8, null),
("Edward J. Markey", 8, null),
("Debbie Stabenow", 8, null),
("Mark Kelly", 8, null),
("Alex Padilla", 8, null),
("John Fetterman", 8, null),
("Shelley Moore Capito", 8, null),
("Kevin Cramer", 8, null),
("Cynthia M. Lummis", 8, null),
("Markwayne Mullin", 8, null),
("Pete Ricketts", 8, null),
("John Boozman", 8, null),
("Roger F. Wicker", 8, null),
("Dan Sullivan", 8, null),
("Lindsey Graham", 8, null),

("Jeff Merkley", null, 66), /* sc on Chemical Safety */ 
("Bernard Sanders", null, 66),
("Sheldon Whitehouse", null, 66),
("Edward J. Markey", null, 66),
("John Fetterman", null, 66),
("Thomas R. Carper", null, 66),
("Markwayne Mullin", null, 66),
("John Boozman", null, 66),
("Roger F. Wicker", null, 66),
("Dan Sullivan", null, 66),
("Shelley Moore Capito", null, 66),

("Edward J. Markey", null, 67), /* sc on Clean Air */ 
("Benjamin L. Cardin", null, 67),
("Bernard Sanders", null, 67),
("Sheldon Whitehouse", null, 67),
("Jeff Merkley", null, 67),
("Debbie Stabenow", null, 67),
("Mark Kelly", null, 67),
("Alex Padilla", null, 67),
("Thomas R. Carper", null, 67),
("Pete Ricketts", null, 67),
("Kevin Cramer", null, 67),
("Cynthia M. Lummis", null, 67),
("Markwayne Mullin", null, 67),
("Roger F. Wicker", null, 67),
("Dan Sullivan", null, 67),
("Lindsey Graham", null, 67),
("Shelley Moore Capito", null, 67),

("Alex Padilla", null, 68), /* sc on Fisheries */ 
("Benjamin L. Cardin", null, 68),
("Sheldon Whitehouse", null, 68),
("Edward J. Markey", null, 68),
("Debbie Stabenow", null, 68),
("Mark Kelly", null, 68),
("Thomas R. Carper", null, 68),
("Cynthia M. Lummis", null, 68),
("Kevin Cramer", null, 68),
("Pete Ricketts", null, 68),
("John Boozman", null, 68),
("Dan Sullivan", null, 68),
("Shelley Moore Capito", null, 68),

("Mark Kelly", null, 69), /* sc on Transportation */ 
("Benjamin L. Cardin", null, 69),
("Bernard Sanders", null, 69),
("Jeff Merkley", null, 69),
("Edward J. Markey", null, 69),
("Debbie Stabenow", null, 69),
("Alex Padilla", null, 69),
("John Fetterman", null, 69),
("Thomas R. Carper", null, 69),
("Kevin Cramer", null, 69),
("Cynthia M. Lummis", null, 69),
("Markwayne Mullin", null, 69),
("Pete Ricketts", null, 69),
("John Boozman", null, 69),
("Roger F. Wicker", null, 69),
("Lindsey Graham", null, 69),
("Shelley Moore Capito", null, 69),


("Ron Wyden", 9, null), /* Finance */ 
("Debbie Stabenow", 9, null),
("Maria Cantwell", 9, null),
("Thomas R. Carper", 9, null),
("Benjamin L. Cardin", 9, null),
("Sherrod Brown", 9, null),
("Michael F. Bennet", 9, null),
("Robert P. Casey", 9, null),
("Mark R. Warner", 9, null),
("Sheldon Whitehouse", 9, null),
("Margaret Wood Hassan", 9, null),
("Catherine Cortez Masto", 9, null),
("Elizabeth Warren", 9, null),
("George S. Helmy", 9, null),
("Mike Crapo", 9, null),
("Chuck Grassley", 9, null),
("John Cornyn", 9, null),
("John Thune", 9, null),
("Tim Scott", 9, null),
("Bill Cassidy", 9, null),
("James Lankford", 9, null),
("Steve Daines", 9, null),
("Todd Young", 9, null),
("John Barrasso", 9, null),
("Ron Johnson", 9, null),
("Thom Tillis", 9, null),
("Marsha Blackburn", 9, null),

("Debbie Stabenow", null, 70), /* sc on Energy */ 
("Ron Wyden", null, 70),
("Thomas R. Carper", null, 70),
("Michael F. Bennet", null, 70),
("Sheldon Whitehouse", null, 70),
("Catherine Cortez Masto", null, 70),
("James Lankford", null, 70),
("John Cornyn", null, 70),
("Tim Scott", null, 70),
("Steve Daines", null, 70),
("John Barrasso", null, 70),
("Mike Crapo", null, 70),

("Margaret Wood Hassan", null, 71), /* sc on Fiscal Responsibility */ 
("Ron Wyden", null, 71),
("Chuck Grassley", null, 71),
("Mike Crapo", null, 71),

("Benjamin L. Cardin", null, 72), /* sc on Health Care */ 
("Ron Wyden", null, 72),
("Debbie Stabenow", null, 72),
("Thomas R. Carper", null, 72),
("Robert P. Casey", null, 72),
("Mark R. Warner", null, 72),
("Sheldon Whitehouse", null, 72),
("Margaret Wood Hassan", null, 72),
("Catherine Cortez Masto", null, 72),
("Elizabeth Warren", null, 72),
("Steve Daines", null, 72),
("Chuck Grassley", null, 72),
("John Thune", null, 72),
("Tim Scott", null, 72),
("Bill Cassidy", null, 72),
("James Lankford", null, 72),
("Todd Young", null, 72),
("John Barrasso", null, 72),
("Ron Johnson", null, 72),
("Marsha Blackburn", null, 72),
("Mike Crapo", null, 72),

("Thomas R. Carper", null, 73), /* sc on International Trade */ 
("Ron Wyden", null, 73),
("Debbie Stabenow", null, 73),
("Benjamin L. Cardin", null, 73),
("Sherrod Brown", null, 73),
("Michael F. Bennet", null, 73),
("Robert P. Casey", null, 73),
("Mark R. Warner", null, 73),
("Catherine Cortez Masto", null, 73),
("John Cornyn", null, 73),
("John Thune", null, 73),
("Tim Scott", null, 73),
("Bill Cassidy", null, 73),
("Steve Daines", null, 73),
("Todd Young", null, 73),
("John Barrasso", null, 73),
("Ron Johnson", null, 73),
("Thom Tillis", null, 73),
("Mike Crapo", null, 73),

("Sherrod Brown", null, 74), /* sc on Social Security */ 
("Ron Wyden", null, 74),
("Robert P. Casey", null, 74),
("Margaret Wood Hassan", null, 74),
("Elizabeth Warren", null, 74),
("Thom Tillis", null, 74),
("Bill Cassidy", null, 74),
("Todd Young", null, 74),
("Marsha Blackburn", null, 74),
("Mike Crapo", null, 74),

("Michael F. Bennet", null, 75), /* sc on Taxation */ 
("Ron Wyden", null, 75),
("Benjamin L. Cardin", null, 75),
("Mark R. Warner", null, 75),
("Sheldon Whitehouse", null, 75),
("Elizabeth Warren", null, 75),
("John Thune", null, 75),
("Chuck Grassley", null, 75),
("John Cornyn", null, 75),
("James Lankford", null, 75),
("Ron Johnson", null, 75),
("Marsha Blackburn", null, 75),
("Mike Crapo", null, 75),


("Benjamin L. Cardin", 10, null), /* Foreign Relations */ 
("Jeanne Shaheen", 10, null),
("Christopher A. Coons", 10, null),
("Christopher Murphy", 10, null),
("Tim Kaine", 10, null),
("Jeff Merkley", 10, null),
("Cory A. Booker", 10, null),
("Brian Schatz", 10, null),
("Chris Van Hollen", 10, null),
("Tammy Duckworth", 10, null),
("George S. Helmy", 10, null),
("James E. Risch", 10, null),
("Marco Rubio", 10, null),
("Mitt Romney", 10, null),
("Pete Ricketts", 10, null),
("Rand Paul", 10, null),
("Todd Young", 10, null),
("John Barrasso", 10, null),
("Ted Cruz", 10, null),
("Bill Hagerty", 10, null),
("Tim Scott", 10, null),

("Cory A. Booker", null, 76), /* sc on Africa */ 
("Christopher A. Coons", null, 76),
("Jeff Merkley", null, 76),
("Brian Schatz", null, 76),
("Chris Van Hollen", null, 76),
("Benjamin L. Cardin", null, 76),
("Tim Scott", null, 76),
("Todd Young", null, 76),
("Rand Paul", null, 76),
("John Barrasso", null, 76),
("James E. Risch", null, 76),

("Chris Van Hollen", null, 77), /* sc on East Asia */ 
("Jeff Merkley", null, 77),
("Brian Schatz", null, 77),
("Tammy Duckworth", null, 77),
("Christopher A. Coons", null, 77),
("Benjamin L. Cardin", null, 77),
("Mitt Romney", null, 77),
("Tim Scott", null, 77),
("Bill Hagerty", null, 77),
("Pete Ricketts", null, 77),
("James E. Risch", null, 77),

("Jeanne Shaheen", null, 78), /* sc on Europe */ 
("Christopher Murphy", null, 78),
("Chris Van Hollen", null, 78),
("Tammy Duckworth", null, 78),
("Benjamin L. Cardin", null, 78),
("Pete Ricketts", null, 78),
("Rand Paul", null, 78),
("John Barrasso", null, 78),
("Marco Rubio", null, 78),
("James E. Risch", null, 78),

("Tammy Duckworth", null, 79), /* sc on Multilateral International Development */ 
("Christopher A. Coons", null, 79),
("Brian Schatz", null, 79),
("Jeanne Shaheen", null, 79),
("Tim Kaine", null, 79),
("Benjamin L. Cardin", null, 79),
("John Barrasso", null, 79),
("Mitt Romney", null, 79),
("Bill Hagerty", null, 79),
("Rand Paul", null, 79),
("James E. Risch", null, 79),

("Christopher Murphy", null, 80), /* sc on Near East */ 
("Benjamin L. Cardin", null, 80),
("Jeanne Shaheen", null, 80),
("Tim Kaine", null, 80),
("Cory A. Booker", null, 80),
("Todd Young", null, 80),
("Mitt Romney", null, 80),
("Ted Cruz", null, 80),
("Marco Rubio", null, 80),
("James E. Risch", null, 80),

("Benjamin L. Cardin", null, 81), /* sc on State Development */ 
("Tim Kaine", null, 81),
("Cory A. Booker", null, 81),
("Christopher A. Coons", null, 81),
("Christopher Murphy", null, 81),
("Bill Hagerty", null, 81),
("Pete Ricketts", null, 81),
("Ted Cruz", null, 81),
("Rand Paul", null, 81),
("James E. Risch", null, 81),

("Tim Kaine", null, 82), /* sc on Western Hemisphere */ 
("Jeff Merkley", null, 82),
("Benjamin L. Cardin", null, 82),
("Jeanne Shaheen", null, 82),
("Christopher Murphy", null, 82),
("Marco Rubio", null, 82),
("Ted Cruz", null, 82),
("Todd Young", null, 82),
("Tim Scott", null, 82),
("James E. Risch", null, 82),


("Bernard Sanders", 11, null), /* Health */ 
("Patty Murray", 11, null),
("Robert P. Casey", 11, null),
("Tammy Baldwin", 11, null),
("Christopher Murphy", 11, null),
("Tim Kaine", 11, null),
("Margaret Wood Hassan", 11, null),
("Tina Smith", 11, null),
("Ben Ray Luján", 11, null),
("John W. Hickenlooper", 11, null),
("Edward J. Markey", 11, null),
("Bill Cassidy", 11, null),
("Rand Paul", 11, null),
("Susan M. Collins", 11, null),
("Lisa Murkowski", 11, null),
("Mike Braun", 11, null),
("Roger Marshall", 11, null),
("Mitt Romney", 11, null),
("Tommy Tuberville", 11, null),
("Markwayne Mullin", 11, null),
("Ted Budd", 11, null),

("Robert P. Casey", null, 83), /* sc on Children */ 
("Patty Murray", null, 83),
("Christopher Murphy", null, 83),
("Tim Kaine", null, 83),
("Margaret Wood Hassan", null, 83),
("Tina Smith", null, 83),
("Bernard Sanders", null, 83),
("Tommy Tuberville", null, 83),
("Rand Paul", null, 83),
("Lisa Murkowski", null, 83),
("Mitt Romney", null, 83),
("Markwayne Mullin", null, 83),
("Bill Cassidy", null, 83),

("John W. Hickenlooper", null, 84), /* sc on Employement */ 
("Robert P. Casey", null, 84),
("Tammy Baldwin", null, 84),
("Tim Kaine", null, 84),
("Ben Ray Luján", null, 84),
("Edward J. Markey", null, 84),
("Bernard Sanders", null, 84),
("Mike Braun", null, 84),
("Roger Marshall", null, 84),
("Mitt Romney", null, 84),
("Tommy Tuberville", null, 84),
("Ted Budd", null, 84),
("Bill Cassidy", null, 84),

("Edward J. Markey", null, 85), /* sc on Primary Health */ 
("Patty Murray", null, 85),
("Tammy Baldwin", null, 85),
("Christopher Murphy", null, 85),
("Margaret Wood Hassan", null, 85),
("Tina Smith", null, 85),
("Ben Ray Luján", null, 85),
("John W. Hickenlooper", null, 85),
("Bernard Sanders", null, 85),
("Roger Marshall", null, 85),
("Rand Paul", null, 85),
("Susan M. Collins", null, 85),
("Lisa Murkowski", null, 85),
("Mike Braun", null, 85),
("Markwayne Mullin", null, 85),
("Ted Budd", null, 85),
("Bill Cassidy", null, 85),


("Gary C. Peters", 12, null), /* Homeland Security */ 
("Thomas R. Carper", 12, null),
("Margaret Wood Hassan", 12, null),
("Kyrsten Sinema", 12, null),
("Jacky Rosen", 12, null),
("Jon Ossoff", 12, null),
("Richard Blumenthal", 12, null),
("Laphonza R. Butler", 12, null),
("Rand Paul", 12, null),
("Ron Johnson", 12, null),
("James Lankford", 12, null),
("Mitt Romney", 12, null),
("Rick Scott", 12, null),
("Josh Hawley", 12, null),
("Roger Marshall", 12, null),

("Richard Blumenthal", null, 86), /*  sc on Investigations */ 
("Thomas R. Carper", null, 86),
("Margaret Wood Hassan", null, 86),
("Jon Ossoff", null, 86),
("Laphonza R. Butler", null, 86),
("Gary C. Peters", null, 86),
("Ron Johnson", null, 86),
("Rick Scott", null, 86),
("Josh Hawley", null, 86),
("Roger Marshall", null, 86),
("Rand Paul", null, 86),

("Margaret Wood Hassan", null, 87), /*  sc on Emerging Threats */ 
("Kyrsten Sinema", null, 87),
("Jacky Rosen", null, 87),
("Jon Ossoff", null, 87),
("Gary C. Peters", null, 87),
("Mitt Romney", null, 87),
("James Lankford", null, 87),
("Rick Scott", null, 87),
("Rand Paul", null, 87),

("Kyrsten Sinema", null, 88), /*  sc on Government Operations */ 
("Thomas R. Carper", null, 88),
("Richard Blumenthal", null, 88),
("Laphonza R. Butler", null, 88),
("Gary C. Peters", null, 88),
("James Lankford", null, 88),
("Ron Johnson", null, 88),
("Mitt Romney", null, 88),
("Rand Paul", null, 88),


("Brian Schatz", 13, null), /* Indian Affairs */ 
("Maria Cantwell", 13, null),
("Jon Tester", 13, null),
("Catherine Cortez Masto", 13, null),
("Tina Smith", 13, null),
("Ben Ray Luján", 13, null),
("Lisa Murkowski", 13, null),
("John Hoeven", 13, null),
("Steve Daines", 13, null),
("Markwayne Mullin", 13, null),
("Mike Rounds", 13, null),

("Amy Klobuchar", 14, null), /* Printing */ 
("Jeff Merkley", 14, null),
("Alex Padilla", 14, null),
("Deb Fischer", 14, null),
("Bill Hagerty", 14, null),

("Ron Wyden", 15, null), /* Taxation */ 
("Debbie Stabenow", 15, null),
("Maria Cantwell", 15, null),
("Mike Crapo", 15, null),
("Chuck Grassley", 15, null),

("Amy Klobuchar", 16, null), /* Library */ 
("Mark R. Warner", 16, null),
("Jon Ossoff", 16, null),
("Deb Fischer", 16, null),
("Cindy Hyde-Smith", 16, null),

("Amy Klobuchar", 17, null), /* 2024 Inagural Ceremonies */ 
("Charles E. Schumer", 17, null),
("Deb Fischer", 17, null),

("Martin Heinrich", 18, null), /* Joint Economic */ 
("Amy Klobuchar", 18, null),
("Margaret Wood Hassan", 18, null),
("Mark Kelly", 18, null),
("Peter Welch", 18, null),
("John Fetterman", 18, null),
("Mike Lee", 18, null),
("Tom Cotton", 18, null),
("Eric Schmitt", 18, null),
("J. D. Vance", 18, null),

("Richard J. Durbin", 19, null), /* Judiciary */ 
("Sheldon Whitehouse", 19, null),
("Amy Klobuchar", 19, null),
("Christopher A. Coons", 19, null),
("Richard Blumenthal", 19, null),
("Mazie K. Hirono", 19, null),
("Cory A. Booker", 19, null),
("Alex Padilla", 19, null),
("Jon Ossoff", 19, null),
("Peter Welch", 19, null),
("Laphonza R. Butler", 19, null),
("Lindsey Graham", 19, null),
("Chuck Grassley", 19, null),
("John Cornyn", 19, null),
("Mike Lee", 19, null),
("Ted Cruz", 19, null),
("Josh Hawley", 19, null),
("Tom Cotton", 19, null),
("John Kennedy", 19, null),
("Thom Tillis", 19, null),
("Marsha Blackburn", 19, null),

("Amy Klobuchar", null, 89), /* sc on Competition Policy */ 
("Sheldon Whitehouse", null, 89),
("Christopher A. Coons", null, 89),
("Richard Blumenthal", null, 89),
("Mazie K. Hirono", null, 89),
("Cory A. Booker", null, 89),
("Peter Welch", null, 89),
("Mike Lee", null, 89),
("Chuck Grassley", null, 89),
("Josh Hawley", null, 89),
("Tom Cotton", null, 89),
("Thom Tillis", null, 89),
("Marsha Blackburn", null, 89),

("Cory A. Booker", null, 90), /* sc on Criminal Justice */ 
("Sheldon Whitehouse", null, 90),
("Amy Klobuchar", null, 90),
("Christopher A. Coons", null, 90),
("Alex Padilla", null, 90),
("Jon Ossoff", null, 90),
("Laphonza R. Butler", null, 90),
("Tom Cotton", null, 90),
("Chuck Grassley", null, 90),
("John Cornyn", null, 90),
("Mike Lee", null, 90),
("Ted Cruz", null, 90),
("John Kennedy", null, 90),

("Sheldon Whitehouse", null, 91), /* sc on Federal Courts */ 
("Richard Blumenthal", null, 91),
("Mazie K. Hirono", null, 91),
("Cory A. Booker", null, 91),
("Alex Padilla", null, 91),
("Peter Welch", null, 91),
("Laphonza R. Butler", null, 91),
("John Kennedy", null, 91),
("Chuck Grassley", null, 91),
("Mike Lee", null, 91),
("Ted Cruz", null, 91),
("Josh Hawley", null, 91),
("Thom Tillis", null, 91),

("Jon Ossoff", null, 92), /* sc on Human Rights */ 
("Richard Blumenthal", null, 92),
("Peter Welch", null, 92),
("Laphonza R. Butler", null, 92),
("Marsha Blackburn", null, 92),
("John Kennedy", null, 92),
("Josh Hawley", null, 92),

("Alex Padilla", null, 93), /* sc on Immigration */ 
("Sheldon Whitehouse", null, 93),
("Amy Klobuchar", null, 93),
("Christopher A. Coons", null, 93),
("Mazie K. Hirono", null, 93),
("Cory A. Booker", null, 93),
("Peter Welch", null, 93),
("John Cornyn", null, 93),
("Chuck Grassley", null, 93),
("Ted Cruz", null, 93),
("Tom Cotton", null, 93),
("Thom Tillis", null, 93),
("Marsha Blackburn", null, 93),

("Christopher A. Coons", null, 94), /* sc on Intellectual Property */ 
("Mazie K. Hirono", null, 94),
("Alex Padilla", null, 94),
("Jon Ossoff", null, 94),
("Peter Welch", null, 94),
("Thom Tillis", null, 94),
("John Cornyn", null, 94),
("Tom Cotton", null, 94),
("Marsha Blackburn", null, 94),

("Richard Blumenthal", null, 95), /* sc on Privacy */ 
("Amy Klobuchar", null, 95),
("Christopher A. Coons", null, 95),
("Mazie K. Hirono", null, 95),
("Alex Padilla", null, 95),
("Jon Ossoff", null, 95),
("Josh Hawley", null, 95),
("John Kennedy", null, 95),
("Marsha Blackburn", null, 95),
("Mike Lee", null, 95),
("John Cornyn", null, 95),

("Laphonza R. Butler", null, 96), /* sc on the Constitution */ 
("Richard Blumenthal", null, 96),
("Cory A. Booker", null, 96),
("Jon Ossoff", null, 96),
("Ted Cruz", null, 96),
("John Cornyn", null, 96),
("Mike Lee", null, 96),


("Amy Klobuchar", 20, null), /* Rules and Administration */ 
("Charles E. Schumer", 20, null),
("Mark R. Warner", 20, null),
("Jeff Merkley", 20, null),
("Alex Padilla", 20, null),
("Jon Ossoff", 20, null),
("Michael F. Bennet", 20, null),
("Peter Welch", 20, null),
("Laphonza R. Butler", 20, null),
("Deb Fischer", 20, null),
("Mitch McConnell", 20, null),
("Ted Cruz", 20, null),
("Shelley Moore Capito", 20, null),
("Roger F. Wicker", 20, null),
("Cindy Hyde-Smith", 20, null),
("Bill Hagerty", 20, null),
("Katie Boyd Britt", 20, null),

("Christopher A. Coons", 21, null), /* Ethics */ 
("Brian Schatz", 21, null),
("Jeanne Shaheen", 21, null),
("James Lankford", 21, null),
("James E. Risch", 21, null),
("Deb Fischer", 21, null),

("Mark R. Warner", 22, null), /* Intelligence */ 
("Ron Wyden", 22, null),
("Martin Heinrich", 22, null),
("Angus S. King", 22, null),
("Michael F. Bennet", 22, null),
("Robert P. Casey", 22, null),
("Kirsten E. Gillibrand", 22, null),
("Jon Ossoff", 22, null),
("Jack Reed", 22, null),
("Charles E. Schumer", 22, null),
("Mark Kelly", 22, null),
("Marco Rubio", 22, null),
("James E. Risch", 22, null),
("Susan M. Collins", 22, null),
("Tom Cotton", 22, null),
("John Cornyn", 22, null),
("Jerry Moran", 22, null),
("James Lankford", 22, null),
("Mike Rounds", 22, null),
("Mitch McConnell", 22, null),
("Roger F. Wicker", 22, null),

("Jeanne Shaheen", 23, null), /* Entrepeneurship */ 
("Maria Cantwell", 23, null),
("Benjamin L. Cardin", 23, null),
("Edward J. Markey", 23, null),
("Cory A. Booker", 23, null),
("Christopher A. Coons", 23, null),
("Mazie K. Hirono", 23, null),
("Tammy Duckworth", 23, null),
("Jacky Rosen", 23, null),
("John W. Hickenlooper", 23, null),
("Joni Ernst", 23, null),
("Marco Rubio", 23, null),
("James E. Risch", 23, null),
("Rand Paul", 23, null),
("Tim Scott", 23, null),
("Todd Young", 23, null),
("John Kennedy", 23, null),
("Josh Hawley", 23, null),
("Ted Budd", 23, null),

("Robert P. Casey", 24, null), /* Aging */ 
("Kirsten E. Gillibrand", 24, null),
("Richard Blumenthal", 24, null),
("Elizabeth Warren", 24, null),
("Mark Kelly", 24, null),
("Raphael G. Warnock", 24, null),
("John Fetterman", 24, null),
("Mike Braun", 24, null),
("Tim Scott", 24, null),
("Marco Rubio", 24, null),
("Rick Scott", 24, null),
("J. D. Vance", 24, null),
("Pete Ricketts", 24, null),

("Jon Tester", 25, null), /* Veterans Affairs */ 
("Patty Murray", 25, null),
("Bernard Sanders", 25, null),
("Sherrod Brown", 25, null),
("Richard Blumenthal", 25, null),
("Mazie K. Hirono", 25, null),
("Joe Manchin", 25, null),
("Kyrsten Sinema", 25, null),
("Margaret Wood Hassan", 25, null),
("Angus S. King", 25, null),
("Jerry Moran", 25, null),
("John Boozman", 25, null),
("Bill Cassidy", 25, null),
("Mike Rounds", 25, null),
("Thom Tillis", 25, null),
("Dan Sullivan", 25, null),
("Marsha Blackburn", 25, null),
("Kevin Cramer", 25, null),
("Tommy Tuberville", 25, null);

INSERT INTO User (User_Name, Password, Is_Admin) VALUES
("Lucas", "Le123", 1),
("ADMIN", "123", 1),
("User1", "123", 0),
("User2", "password", 0);